,15ab1L1 - 12hrs,15ab1L1 - 12hrs,15ab1L1 - 12hrs,15ab1L1 - 12hrs,15ab1L1 - 12hrs,15ab1L1 - 12hrs,15ab1L1 - 16hrs,15ab1L1 - 16hrs,15ab1L1 - 16hrs,15ab1L1 - 16hrs,15ab1L1 - 16hrs,15ab1L1 - 16hrs,15ab1L1 - 20hrs,15ab1L1 - 20hrs,15ab1L1 - 20hrs,15ab1L1 - 20hrs,15ab1L1 - 20hrs,15ab1L1 - 20hrs,15ab1L1 - 24hrs,15ab1L1 - 24hrs,15ab1L1 - 24hrs,15ab1L1 - 24hrs,15ab1L1 - 24hrs,15ab1L1 - 24hrs,15ab1L1 - 4hrs,15ab1L1 - 4hrs,15ab1L1 - 4hrs,15ab1L1 - 4hrs,15ab1L1 - 4hrs,15ab1L1 - 4hrs,15ab1L1 - 72hrs,15ab1L1 - 72hrs,15ab1L1 - 72hrs,15ab1L1 - 72hrs,15ab1L1 - 72hrs,15ab1L1 - 72hrs,15ab1L1 - 8hrs,15ab1L1 - 8hrs,15ab1L1 - 8hrs,15ab1L1 - 8hrs,15ab1L1 - 8hrs,15ab1L1 - 8hrs,15ab1L1/Bt - 12hrs,15ab1L1/Bt - 12hrs,15ab1L1/Bt - 12hrs,15ab1L1/Bt - 12hrs,15ab1L1/Bt - 12hrs,15ab1L1/Bt - 12hrs,15ab1L1/Bt - 16hrs,15ab1L1/Bt - 16hrs,15ab1L1/Bt - 16hrs,15ab1L1/Bt - 16hrs,15ab1L1/Bt - 16hrs,15ab1L1/Bt - 16hrs,15ab1L1/Bt - 20hrs,15ab1L1/Bt - 20hrs,15ab1L1/Bt - 20hrs,15ab1L1/Bt - 20hrs,15ab1L1/Bt - 20hrs,15ab1L1/Bt - 20hrs,15ab1L1/Bt - 24hrs,15ab1L1/Bt - 24hrs,15ab1L1/Bt - 24hrs,15ab1L1/Bt - 24hrs,15ab1L1/Bt - 24hrs,15ab1L1/Bt - 24hrs,15ab1L1/Bt - 36hrs,15ab1L1/Bt - 36hrs,15ab1L1/Bt - 36hrs,15ab1L1/Bt - 36hrs,15ab1L1/Bt - 36hrs,15ab1L1/Bt - 36hrs,15ab1L1/Bt - 4hrs,15ab1L1/Bt - 4hrs,15ab1L1/Bt - 4hrs,15ab1L1/Bt - 4hrs,15ab1L1/Bt - 4hrs,15ab1L1/Bt - 4hrs,15ab1L1/Bt - 8hrs,15ab1L1/Bt - 8hrs,15ab1L1/Bt - 8hrs,15ab1L1/Bt - 8hrs,15ab1L1/Bt - 8hrs,15ab1L1/Bt - 8hrs,17spA3 - 12hrs,17spA3 - 12hrs,17spA3 - 12hrs,17spA3 - 12hrs,17spA3 - 12hrs,17spA3 - 12hrs,17spA3 - 16hrs,17spA3 - 16hrs,17spA3 - 16hrs,17spA3 - 16hrs,17spA3 - 16hrs,17spA3 - 16hrs,17spA3 - 20hrs,17spA3 - 20hrs,17spA3 - 20hrs,17spA3 - 20hrs,17spA3 - 20hrs,17spA3 - 20hrs,17spA3 - 24hrs,17spA3 - 24hrs,17spA3 - 24hrs,17spA3 - 24hrs,17spA3 - 24hrs,17spA3 - 36hrs,17spA3 - 36hrs,17spA3 - 36hrs,17spA3 - 36hrs,17spA3 - 36hrs,17spA3 - 36hrs,17spA3 - 4hrs,17spA3 - 4hrs,17spA3 - 4hrs,17spA3 - 4hrs,17spA3 - 4hrs,17spA3 - 4hrs,17spA3 - 8hrs,17spA3 - 8hrs,17spA3 - 8hrs,17spA3 - 8hrs,17spA3 - 8hrs,17spA3 - 8hrs,17spA3/Bt - 12hrs,17spA3/Bt - 12hrs,17spA3/Bt - 12hrs,17spA3/Bt - 12hrs,17spA3/Bt - 12hrs,17spA3/Bt - 12hrs,17spA3/Bt - 16hrs,17spA3/Bt - 16hrs,17spA3/Bt - 16hrs,17spA3/Bt - 16hrs,17spA3/Bt - 16hrs,17spA3/Bt - 16hrs,17spA3/Bt - 20hrs,17spA3/Bt - 20hrs,17spA3/Bt - 20hrs,17spA3/Bt - 20hrs,17spA3/Bt - 20hrs,17spA3/Bt - 20hrs,17spA3/Bt - 24hrs,17spA3/Bt - 24hrs,17spA3/Bt - 24hrs,17spA3/Bt - 24hrs,17spA3/Bt - 24hrs,17spA3/Bt - 24hrs,17spA3/Bt - 36hrs,17spA3/Bt - 36hrs,17spA3/Bt - 36hrs,17spA3/Bt - 36hrs,17spA3/Bt - 36hrs,17spA3/Bt - 36hrs,17spA3/Bt - 4hrs,17spA3/Bt - 4hrs,17spA3/Bt - 4hrs,17spA3/Bt - 4hrs,17spA3/Bt - 4hrs,17spA3/Bt - 4hrs,17spA3/Bt - 8hrs,17spA3/Bt - 8hrs,17spA3/Bt - 8hrs,17spA3/Bt - 8hrs,17spA3/Bt - 8hrs,17spA3/Bt - 8hrs,20bs3L1/Bt - 12hrs,20bs3L1/Bt - 12hrs,20bs3L1/Bt - 12hrs,20bs3L1/Bt - 12hrs,20bs3L1/Bt - 12hrs,20bs3L1/Bt - 12hrs,20bs3L1/Bt - 16hrs,20bs3L1/Bt - 16hrs,20bs3L1/Bt - 16hrs,20bs3L1/Bt - 16hrs,20bs3L1/Bt - 16hrs,20bs3L1/Bt - 16hrs,20bs3L1/Bt - 20hrs,20bs3L1/Bt - 20hrs,20bs3L1/Bt - 20hrs,20bs3L1/Bt - 20hrs,20bs3L1/Bt - 20hrs,20bs3L1/Bt - 20hrs,20bs3L1/Bt - 24hrs,20bs3L1/Bt - 24hrs,20bs3L1/Bt - 24hrs,20bs3L1/Bt - 24hrs,20bs3L1/Bt - 24hrs,20bs3L1/Bt - 36hrs,20bs3L1/Bt - 36hrs,20bs3L1/Bt - 36hrs,20bs3L1/Bt - 36hrs,20bs3L1/Bt - 36hrs,20bs3L1/Bt - 36hrs,20bs3L1/Bt - 4hrs,20bs3L1/Bt - 4hrs,20bs3L1/Bt - 4hrs,20bs3L1/Bt - 4hrs,20bs3L1/Bt - 4hrs,20bs3L1/Bt - 4hrs,20bs3L1/Bt - 8hrs,20bs3L1/Bt - 8hrs,20bs3L1/Bt - 8hrs,20bs3L1/Bt - 8hrs,20bs3L1/Bt - 8hrs,20bs3L1/Bt - 8hrs,20sb3L1 - 12hrs,20sb3L1 - 12hrs,20sb3L1 - 12hrs,20sb3L1 - 12hrs,20sb3L1 - 12hrs,20sb3L1 - 12hrs,20sb3L1 - 16hrs,20sb3L1 - 16hrs,20sb3L1 - 16hrs,20sb3L1 - 16hrs,20sb3L1 - 16hrs,20sb3L1 - 16hrs,20sb3L1 - 20hrs,20sb3L1 - 20hrs,20sb3L1 - 20hrs,20sb3L1 - 20hrs,20sb3L1 - 20hrs,20sb3L1 - 20hrs,20sb3L1 - 24hrs,20sb3L1 - 24hrs,20sb3L1 - 24hrs,20sb3L1 - 24hrs,20sb3L1 - 24hrs,20sb3L1 - 36hrs,20sb3L1 - 36hrs,20sb3L1 - 36hrs,20sb3L1 - 36hrs,20sb3L1 - 36hrs,20sb3L1 - 36hrs,20sb3L1 - 4hrs,20sb3L1 - 4hrs,20sb3L1 - 4hrs,20sb3L1 - 4hrs,20sb3L1 - 4hrs,20sb3L1 - 4hrs,20sb3L1 - 8hrs,20sb3L1 - 8hrs,20sb3L1 - 8hrs,20sb3L1 - 8hrs,20sb3L1 - 8hrs,20sb3L1 - 8hrs,Bt - 12hrs,Bt - 12hrs,Bt - 12hrs,Bt - 12hrs,Bt - 12hrs,Bt - 12hrs,Bt - 16hrs,Bt - 16hrs,Bt - 16hrs,Bt - 16hrs,Bt - 16hrs,Bt - 16hrs,Bt - 20hrs,Bt - 20hrs,Bt - 20hrs,Bt - 20hrs,Bt - 20hrs,Bt - 20hrs,Bt - 24hrs,Bt - 24hrs,Bt - 24hrs,Bt - 24hrs,Bt - 24hrs,Bt - 24hrs,Bt - 36hrs,Bt - 36hrs,Bt - 36hrs,Bt - 36hrs,Bt - 36hrs,Bt - 36hrs,BT - 4hrs,BT - 4hrs,BT - 4hrs,BT - 4hrs,BT - 4hrs,BT - 4hrs,Bt - 8hrs,Bt - 8hrs,Bt - 8hrs,Bt - 8hrs,Bt - 8hrs,Bt - 8hrs,Combination - 12hrs,Combination - 12hrs,Combination - 12hrs,Combination - 12hrs,Combination - 12hrs,Combination - 16hrs,Combination - 16hrs,Combination - 16hrs,Combination - 16hrs,Combination - 16hrs,Combination - 16hrs,Combination - 20hrs,Combination - 20hrs,Combination - 20hrs,Combination - 20hrs,Combination - 20hrs,Combination - 20hrs,Combination - 24hrs,Combination - 24hrs,Combination - 24hrs,Combination - 24hrs,Combination - 24hrs,Combination - 36hrs,Combination - 36hrs,Combination - 36hrs,Combination - 36hrs,Combination - 4hrs,Combination - 4hrs,Combination - 4hrs,Combination - 4hrs,Combination - 4hrs,Combination - 4hrs,Combination - 8hrs,Combination - 8hrs,Combination - 8hrs,Combination - 8hrs,Combination - 8hrs,Combination - 8hrs,Media - 12hrs,Media - 12hrs,Media - 12hrs,Media - 12hrs,Media - 12hrs,Media - 12hrs,Media - 16hrs,Media - 16hrs,Media - 16hrs,Media - 16hrs,Media - 16hrs,Media - 16hrs,Media - 20hrs,Media - 20hrs,Media - 20hrs,Media - 20hrs,Media - 20hrs,Media - 20hrs,Media - 24hrs,Media - 24hrs,Media - 24hrs,Media - 24hrs,Media - 24hrs,Media - 36hrs,Media - 36hrs,Media - 36hrs,Media - 36hrs,Media - 36hrs,Media - 36hrs,Media - 4hrs,Media - 4hrs,Media - 4hrs,Media - 4hrs,Media - 4hrs,Media - 4hrs,Media - 8hrs,Media - 8hrs,Media - 8hrs,Media - 8hrs,Media - 8hrs,Media - 8hrs,Time 0 - Time 0,Time 0 - Time 0,Time 0 - Time 0,Time 0 - Time 0,Time 0 - Time 0,Time 0 - Time 0,pool - pool,pool - pool,pool - pool,pool - pool,pool - pool,pool - pool,pool - pool,pool - pool,pool - pool,pool - pool,pool - pool,pool - pool,pool - pool,pool - pool,pool - pool,pool - pool,pool - pool,pool - pool,pool - pool,pool - pool,pool - pool,pool - pool,pool - pool,pool - pool,pool - pool,pool - pool,pool - pool,pool - pool,pool - pool,pool - pool,pool - pool,pool - pool,pool - pool,pool - pool,pool - pool,pool - pool,pool - pool,pool - pool,pool - pool,pool - pool,pool - pool,pool - pool,pool - pool,pool - pool,pool - pool,pool - pool,pool - pool,pool - pool,pool - pool,pool - pool,pool - pool,pool - pool,pool - pool,pool - pool,pool - pool,pool - pool,pool - pool,pool - pool,pool - pool,pool - pool,pool - pool,pool - pool,pool - pool,pool - pool,pool - pool,pool - pool,pool - pool,pool - pool,pool - pool,pool - pool,pool - pool,pool - pool,pool - pool,pool - pool,pool - pool
valine,110.4,124.0,122.2,110.8,89.1,68.3,87.7,39.9,115.5,109.3,87.8,114.6,123.7,119.7,116.8,39.9,32.5,122.3,66.3,96.8,119.8,73.4,117.4,121.3,104.2,106.4,113.4,111.4,98.4,98.6,108.3,69.7,41.9,48.6,113.8,123.1,51.2,123.7,128.8,123.9,72.3,126.1,107.0,120.3,55.5,129.0,44.0,39.1,135.2,136.3,118.0,98.7,91.3,56.1,115.6,136.0,55.6,118.5,124.5,137.9,46.0,140.4,148.5,101.0,122.6,135.4,0.8,85.7,76.2,31.1,7.6,13.5,125.7,133.9,128.1,101.7,101.5,134.3,49.6,129.6,116.5,106.1,128.9,119.6,82.7,117.2,102.1,119.1,115.6,123.2,109.7,126.1,114.5,217.5,116.5,106.6,43.7,55.4,113.9,80.5,120.3,118.0,86.5,113.4,112.4,117.5,86.3,93.9,114.5,84.4,1.0,64.2,0.5,114.4,68.3,43.6,116.2,105.3,47.7,116.9,43.4,107.5,48.2,112.3,108.8,111.5,110.1,141.8,107.5,97.3,90.4,120.4,122.6,121.8,49.8,116.1,112.7,94.1,116.4,121.4,108.5,115.7,137.8,114.5,114.0,123.2,107.1,120.0,116.9,1.1,3.7,38.5,1.1,1.5,3.3,117.7,110.4,108.6,116.6,112.1,110.0,112.5,44.0,117.0,104.1,132.6,120.6,48.9,150.1,95.0,127.0,116.3,118.1,143.0,130.4,127.8,128.0,134.0,139.5,155.7,103.4,112.8,139.7,147.9,147.5,61.1,59.4,116.2,152.4,156.3,69.3,66.3,85.7,69.1,61.7,113.5,117.9,113.6,82.1,79.6,92.2,33.1,120.3,108.0,57.1,101.6,57.6,105.1,139.7,100.6,129.5,66.3,136.3,107.9,108.6,134.1,109.4,93.3,164.2,107.9,131.3,127.0,151.6,116.3,143.8,48.7,190.0,110.6,97.1,133.7,128.4,105.4,78.2,111.2,106.0,120.9,167.8,130.7,115.8,106.2,44.5,100.5,82.9,172.2,121.9,138.4,131.6,121.5,70.5,122.7,112.2,111.7,108.9,111.7,119.0,91.3,127.7,116.6,57.3,124.7,110.2,54.4,114.9,122.8,107.3,122.8,132.2,128.6,132.3,115.6,147.9,38.5,130.6,1.1,1.0,0.2,1.0,1.1,0.1,101.2,100.2,83.2,110.2,116.7,109.2,56.9,100.6,109.6,99.3,105.8,113.2,86.5,142.8,120.7,59.6,100.9,171.1,121.0,198.8,142.3,125.5,54.4,121.0,125.6,121.0,149.9,116.2,123.6,123.0,128.4,107.9,81.5,121.5,138.3,125.4,91.6,145.9,142.0,53.5,38.1,102.3,117.2,131.8,134.1,49.0,69.3,94.8,148.4,67.5,64.3,102.1,130.2,117.8,107.2,116.0,108.0,120.8,81.6,101.6,31.6,96.8,120.4,33.0,107.4,104.0,102.4,77.2,55.1,109.4,73.5,58.9,84.8,60.5,42.3,103.4,140.7,101.4,128.3,117.1,37.3,109.0,81.5,103.2,106.0,34.9,104.3,111.2,108.8,111.2,100.6,103.0,70.8,34.0,102.6,109.7,112.9,104.9,131.8,128.0,126.9,131.9,129.2,109.1,144.8,131.7,122.9,122.3,121.5,124.9,113.4,129.0,129.6,126.9,126.3,126.6,127.3,126.0,126.6,133.8,122.7,125.3,128.9,128.3,131.0,131.4,133.8,129.4,128.6,90.9,125.5,112.7,128.4,126.3,9.5,121.8,124.6,135.1,114.4,130.6,125.6,131.5,126.1,127.1,126.1,121.8,127.0,122.1,123.9,127.4,127.7,128.0,127.9,127.7,126.0,126.8,127.4,128.7,127.5,130.4,123.2,127.6,123.1,131.3,129.7,134.2,136.2,127.8,129.9,104.5,129.1,106.8
tyrosine,77.8,74.3,78.9,57.2,100.7,90.0,87.9,88.0,67.0,59.7,33.7,56.1,70.4,75.0,44.3,69.2,71.4,44.5,80.5,82.0,74.6,91.7,104.7,81.7,102.9,72.2,33.3,55.0,79.8,33.9,52.6,84.8,61.8,113.3,52.0,88.8,72.0,81.5,57.2,80.3,73.9,41.4,59.5,114.0,92.7,69.2,78.8,88.5,69.8,55.0,44.2,56.4,28.4,80.6,40.5,46.1,98.7,37.8,62.8,74.3,63.1,115.2,30.8,43.1,74.5,85.2,5.3,5.3,5.3,5.3,6.3,5.3,103.0,119.3,82.0,52.7,55.3,111.5,100.6,66.0,58.6,61.0,78.3,94.3,103.7,55.0,80.3,75.5,44.5,94.8,85.5,62.9,57.6,218.7,58.9,85.2,50.0,82.0,39.0,28.9,78.5,36.6,63.7,59.9,56.9,42.7,73.9,5.3,5.3,5.3,5.3,5.3,5.6,63.9,89.7,76.4,54.1,50.0,87.4,59.6,80.3,74.8,98.2,61.4,77.8,52.1,76.9,69.4,97.6,59.0,88.5,48.6,112.8,102.0,92.7,73.4,58.2,50.1,56.0,46.9,62.0,43.4,79.5,99.2,61.0,117.7,81.3,67.8,75.4,5.2,5.3,5.3,5.3,5.8,5.3,68.3,108.6,59.6,91.7,53.8,37.4,46.7,96.6,49.3,60.2,121.3,96.4,85.9,64.4,37.3,93.8,74.1,55.9,73.4,108.5,82.0,86.8,67.5,96.0,63.8,63.8,84.7,127.1,101.8,121.1,95.8,122.3,82.3,104.6,120.4,5.3,5.4,5.4,5.4,5.3,5.4,88.1,66.7,76.1,87.4,90.0,79.4,81.6,52.8,104.4,113.4,112.0,44.7,112.7,73.8,68.9,91.8,96.4,70.2,44.8,86.1,103.1,126.4,79.9,43.7,96.7,89.3,103.2,49.4,73.5,86.8,130.7,54.9,86.9,90.1,52.2,91.3,145.1,126.2,125.0,98.6,59.8,52.6,41.9,60.0,66.1,59.0,104.0,127.2,92.3,56.9,52.2,77.2,30.0,65.0,43.4,59.9,49.5,54.3,89.0,48.9,66.4,97.3,60.8,70.0,54.6,98.8,51.6,90.0,54.1,65.7,71.6,95.2,76.9,78.0,38.9,74.9,76.7,5.2,5.3,5.3,5.3,5.2,5.2,44.2,53.6,99.2,36.7,54.9,56.5,79.1,57.6,60.1,53.4,66.1,67.7,143.2,112.1,116.2,108.4,61.8,194.8,100.5,219.4,104.7,103.4,102.4,106.1,71.9,118.4,139.7,66.9,112.8,107.1,133.4,87.1,122.2,71.5,77.0,128.1,64.5,108.3,120.2,156.7,167.7,151.0,77.3,116.9,106.3,133.2,135.5,125.1,144.8,153.4,87.8,51.1,58.8,76.8,60.7,66.9,49.5,69.7,112.3,50.0,62.7,57.9,117.9,73.1,49.2,53.0,41.7,108.9,69.7,84.5,95.7,74.6,86.5,115.4,68.9,52.2,111.9,117.4,99.7,91.1,78.5,43.6,44.1,78.4,79.7,82.5,99.3,56.1,44.2,61.7,56.7,67.2,110.2,79.9,91.8,43.5,85.7,85.4,89.7,92.8,91.6,90.9,91.8,86.6,89.4,89.3,85.1,90.4,95.5,89.1,89.1,89.9,91.8,87.3,90.5,84.8,86.6,90.1,87.6,83.8,85.6,87.6,79.4,82.9,86.2,91.7,89.5,88.1,89.2,94.3,94.4,89.0,85.6,93.2,86.0,87.8,91.1,91.3,96.2,82.4,91.1,92.1,91.9,91.3,89.8,85.8,89.6,88.1,91.5,91.3,90.7,83.9,87.0,87.1,88.6,92.2,92.6,87.5,87.4,84.5,83.1,83.4,84.9,87.3,86.7,80.8,79.4,92.4,94.4,98.9,100.1,89.5
tryptophan,9.0,9.0,9.0,8.9,9.1,8.8,8.8,9.1,8.9,8.8,8.6,8.8,8.7,8.7,8.5,8.9,8.6,8.7,8.6,8.8,8.8,8.8,9.0,9.1,9.1,8.9,8.7,8.9,9.1,8.7,8.9,8.9,8.5,9.1,8.5,8.7,8.9,9.0,8.9,9.0,9.0,8.8,8.7,9.1,9.1,8.9,8.9,9.1,8.5,8.7,8.6,8.7,8.5,8.8,8.6,8.6,8.8,8.5,8.6,8.6,8.5,8.5,8.4,8.4,8.5,8.4,8.4,8.4,8.4,8.4,8.4,8.4,9.1,9.2,8.8,8.8,8.8,9.0,9.0,9.0,8.8,8.8,8.8,9.0,9.0,8.8,9.0,8.8,8.8,8.9,8.8,9.1,8.8,10.1,9.0,9.0,8.7,8.8,8.7,8.6,8.9,8.6,8.5,8.8,8.7,8.6,8.6,8.4,8.4,8.4,8.4,8.4,8.4,8.9,8.9,9.0,8.8,8.7,8.9,8.9,9.0,8.9,9.0,8.9,8.9,8.8,8.8,8.7,8.9,8.8,8.9,8.6,8.9,8.8,8.9,8.9,8.8,8.6,8.6,8.6,8.6,8.5,8.4,8.6,8.5,8.7,8.4,8.6,8.7,8.4,8.4,8.4,8.4,8.6,8.4,8.9,9.0,8.7,8.8,8.6,8.6,8.7,9.0,8.6,8.8,9.0,9.0,8.5,8.5,8.5,8.5,8.5,8.5,8.5,8.6,8.5,8.5,8.5,8.6,8.5,8.5,8.5,8.6,8.5,8.6,8.5,8.5,8.5,8.5,8.5,8.4,8.4,8.4,8.4,8.4,8.4,8.7,8.6,8.7,8.6,8.8,8.7,8.5,8.5,8.7,8.6,8.6,8.5,8.4,8.4,8.4,8.4,8.4,8.4,8.5,8.5,8.5,8.5,8.5,8.4,8.5,8.5,8.5,8.5,8.5,8.5,8.5,8.5,8.5,8.4,8.4,8.4,8.5,8.5,8.5,8.5,8.5,8.5,8.5,8.6,8.5,8.5,8.7,8.4,8.4,8.4,8.4,8.4,8.4,9.0,8.7,8.8,8.9,8.9,9.1,8.7,8.8,9.0,8.8,8.8,8.8,8.5,8.7,8.6,8.6,8.5,8.5,8.4,8.5,8.5,8.4,8.5,8.5,8.4,8.4,8.4,8.4,8.4,8.4,8.8,8.8,9.1,8.8,8.8,8.9,9.0,8.8,8.8,8.8,8.9,8.9,9.4,8.9,9.2,9.1,8.8,8.5,9.1,9.4,8.9,8.9,9.0,9.0,8.6,8.6,9.1,8.8,8.8,8.5,9.2,8.9,8.4,8.6,8.5,8.4,8.4,8.4,8.9,9.4,9.4,9.0,8.8,9.0,9.0,9.2,9.0,9.4,9.0,9.3,8.8,8.8,8.9,8.9,8.8,9.0,8.7,8.9,9.1,8.8,8.9,8.9,9.1,9.0,8.8,8.9,8.8,9.1,9.0,9.1,9.0,9.0,8.8,9.1,9.0,8.8,8.9,9.3,8.6,8.9,9.0,8.6,8.7,8.8,8.9,9.0,9.1,8.8,8.7,8.9,8.9,9.0,9.2,8.9,9.0,8.8,8.8,8.8,8.7,8.8,8.8,8.8,8.8,8.7,8.7,8.7,8.7,8.7,8.8,8.8,8.8,8.8,8.8,8.8,8.8,8.8,8.8,8.8,8.7,8.8,8.7,8.8,8.7,8.7,8.7,8.7,8.8,8.8,8.8,8.8,8.8,8.8,8.7,8.8,8.8,8.8,8.8,8.8,8.8,8.7,8.8,8.8,8.8,8.8,8.8,8.8,8.8,8.8,8.8,8.8,8.8,8.8,8.8,8.8,8.8,8.8,8.8,8.8,8.6,8.8,8.8,8.7,8.8,8.8,8.8,8.8,8.8,8.8,8.8,8.8,8.8,8.8
theronine,113.9,138.4,117.3,101.0,110.5,89.1,99.4,32.7,130.9,106.3,77.7,121.9,101.4,102.7,93.3,74.4,57.8,106.9,74.2,102.0,95.8,77.6,120.8,129.3,120.7,108.3,100.8,109.8,119.0,101.0,111.6,92.6,33.3,101.8,71.2,136.4,85.3,131.9,119.1,131.3,93.1,125.3,113.3,125.6,90.1,123.4,76.0,68.2,89.6,114.5,109.4,95.4,53.2,76.0,101.1,101.6,73.8,94.9,111.4,102.6,60.6,106.3,138.9,98.5,88.5,111.5,0.2,99.9,92.0,76.8,49.2,62.3,143.4,145.8,143.7,99.4,108.3,146.6,73.5,145.8,127.1,100.4,138.1,121.2,114.6,127.4,108.2,118.7,115.5,137.6,122.8,130.1,121.6,216.6,120.2,124.6,69.4,84.1,107.0,89.4,123.1,111.4,104.1,109.5,121.6,120.1,101.5,59.6,61.2,51.6,5.9,48.2,1.7,125.9,82.5,77.1,114.8,94.8,86.7,118.6,74.8,110.5,84.3,121.0,124.8,110.9,120.4,144.7,126.4,120.3,108.0,120.1,148.6,145.3,97.2,125.5,113.2,95.8,118.6,124.5,114.5,109.7,148.6,126.9,117.0,145.3,133.0,127.5,121.2,0.7,46.1,94.3,0.2,2.4,53.6,128.0,124.4,104.2,125.8,112.4,104.3,118.2,70.0,106.0,117.3,150.4,117.2,82.0,123.9,95.3,119.1,108.3,105.8,120.3,118.0,128.0,113.0,133.6,125.4,125.5,99.5,119.5,139.1,120.5,133.6,96.7,82.8,108.1,136.7,139.7,124.4,108.6,125.1,93.2,102.3,108.0,119.6,112.7,110.3,110.6,117.5,74.4,122.9,108.5,110.2,125.0,95.8,102.2,122.0,97.3,113.9,92.2,123.2,96.2,85.1,104.4,105.5,110.7,127.3,85.0,112.8,107.7,115.0,95.1,108.3,60.0,142.6,84.2,87.2,100.3,120.2,62.1,58.8,58.5,53.0,68.1,65.3,124.2,102.9,113.1,82.0,111.1,123.4,150.6,126.0,116.9,96.9,114.2,74.7,134.4,109.8,111.2,97.3,109.2,127.0,87.9,123.3,118.9,79.9,127.6,110.5,119.8,109.7,126.6,112.9,123.7,128.6,152.0,133.4,128.2,129.7,73.0,137.7,50.7,0.4,50.8,0.3,0.4,50.7,101.7,97.1,106.8,107.1,115.2,113.5,75.2,99.9,109.7,90.3,107.4,115.2,134.6,154.4,130.1,111.8,99.4,190.7,152.5,258.8,163.8,145.9,103.7,123.1,132.6,140.1,186.5,124.1,132.8,84.7,138.8,113.0,108.7,124.3,140.7,22.6,2.1,102.1,151.1,98.3,78.6,123.0,129.5,150.7,140.8,83.5,111.5,121.3,183.6,117.7,68.1,99.9,130.9,123.3,111.7,113.3,111.8,118.3,114.9,102.1,50.0,93.2,136.7,50.0,97.0,103.5,97.2,93.0,79.5,111.2,91.0,80.1,111.9,105.9,65.7,108.8,152.7,132.1,145.8,115.6,62.8,118.8,87.8,102.7,110.3,67.3,102.9,114.3,98.2,113.6,95.5,116.4,95.4,63.8,115.1,120.5,117.0,110.4,133.7,130.6,123.2,130.8,130.6,113.5,131.5,130.0,128.7,128.6,133.7,129.7,128.4,131.6,130.4,127.5,125.5,127.5,126.3,125.6,127.6,126.5,131.4,131.1,131.8,133.2,131.0,131.5,130.5,132.4,130.1,136.8,132.4,130.6,133.9,135.1,129.7,128.3,132.9,127.5,132.2,98.7,125.2,133.8,128.5,129.0,130.8,126.9,127.9,128.4,131.0,121.1,130.7,130.8,133.1,131.5,130.5,128.9,130.5,129.7,130.4,127.8,132.3,121.2,134.2,129.7,129.6,127.2,126.6,132.0,128.8,132.2,132.8,131.1
serine,115.5,128.7,116.9,99.0,109.7,88.8,96.5,70.1,122.3,103.9,69.2,118.9,104.5,112.8,92.4,75.4,61.2,100.6,73.0,103.0,99.5,79.7,115.5,130.1,112.1,109.1,90.5,105.7,120.8,96.4,107.9,96.1,32.9,94.2,77.6,128.7,84.0,130.9,110.7,129.1,92.3,117.3,110.5,113.8,88.1,124.7,72.9,67.1,97.8,108.2,97.2,88.2,67.4,80.4,102.0,96.6,67.0,91.2,113.6,101.9,59.5,54.4,0.2,1.6,85.8,54.4,0.9,0.5,0.6,0.8,1.8,0.8,136.7,139.6,133.1,97.9,99.3,135.6,73.7,131.6,121.4,97.8,137.0,122.8,106.1,117.9,105.5,112.2,105.5,130.7,113.6,121.2,117.4,228.1,115.4,139.3,62.3,63.0,89.4,71.1,111.9,77.4,65.8,84.4,94.7,85.7,69.0,0.5,0.4,0.5,0.6,0.2,0.7,117.3,80.6,78.9,105.4,85.9,84.3,110.8,74.1,109.7,82.2,120.9,117.9,107.3,118.8,129.7,118.4,110.3,104.6,123.2,136.8,137.4,87.9,125.3,115.3,80.6,107.1,109.7,97.9,81.6,53.3,108.2,84.8,131.8,92.9,104.5,95.7,1.5,0.7,1.2,0.6,0.6,0.7,121.5,112.1,98.9,117.6,101.6,97.4,109.6,71.0,100.2,113.6,140.9,131.2,13.5,28.6,17.7,18.0,33.0,25.9,15.4,15.9,22.0,14.5,23.0,3.0,14.5,13.2,18.3,16.8,16.8,8.5,4.9,3.7,9.1,3.0,9.8,0.8,0.8,0.5,0.6,0.6,0.5,98.8,106.9,84.1,86.0,93.6,61.6,54.5,43.2,55.0,53.1,44.9,38.1,2.8,4.4,1.3,1.8,4.7,4.4,1.5,1.6,3.9,2.1,3.9,2.1,2.4,2.4,0.5,4.4,1.2,3.2,0.9,1.2,0.4,0.8,2.9,0.3,0.8,0.5,0.6,0.6,0.7,79.1,64.5,85.9,64.1,85.0,83.6,20.4,17.4,19.5,4.8,8.6,8.7,129.9,105.3,107.4,97.4,105.7,129.8,92.1,115.1,114.8,82.2,124.0,101.5,79.1,98.3,113.9,105.8,107.1,81.6,52.6,109.1,108.4,48.7,46.3,100.5,0.2,0.7,0.8,0.6,0.7,0.2,99.1,97.8,106.9,103.9,121.1,116.2,77.2,103.1,118.6,90.7,114.6,120.6,118.7,142.2,130.6,110.2,100.0,61.4,153.0,230.8,142.4,133.7,84.4,127.7,72.6,67.8,164.1,109.9,119.5,1.0,134.1,106.1,2.6,68.0,53.1,1.6,0.6,4.4,144.0,90.3,72.1,116.0,125.1,143.9,132.9,83.0,112.3,107.3,181.5,118.7,68.7,106.0,128.8,122.8,118.2,120.2,107.6,122.8,109.1,108.4,55.1,94.4,139.8,61.5,95.4,105.9,103.3,91.9,83.9,108.4,90.7,85.1,109.6,106.5,72.8,112.6,147.4,129.7,138.4,113.4,64.7,122.7,90.8,98.4,110.5,67.4,100.8,118.0,97.1,119.4,97.0,111.4,90.2,64.5,106.2,116.3,110.7,85.4,101.5,101.3,95.4,97.7,98.9,91.0,101.1,98.6,100.1,103.0,104.5,102.8,102.0,100.8,101.8,99.6,100.1,101.5,98.4,99.9,98.9,102.2,102.4,99.7,97.8,100.9,101.3,100.3,99.5,103.9,101.9,109.7,102.1,101.1,103.2,105.7,102.1,98.7,100.6,97.5,103.0,78.0,101.6,102.3,101.9,102.0,102.2,99.7,100.4,101.5,101.0,100.6,101.1,100.2,100.8,101.1,100.3,101.2,100.0,99.2,100.3,102.5,102.7,100.4,100.8,100.4,99.8,100.5,97.9,99.9,99.6,102.7,100.5,102.2
proline,148.5,89.6,57.8,60.6,90.6,93.9,80.2,169.9,125.0,71.4,55.8,76.5,98.3,86.8,85.0,126.9,164.0,56.4,102.0,94.7,82.6,106.8,106.7,106.5,75.3,79.3,56.2,62.1,150.9,53.0,80.4,83.7,152.9,162.4,55.1,128.7,124.3,126.1,72.5,78.8,99.6,52.9,147.3,82.4,141.1,111.6,163.0,151.8,88.8,68.1,66.6,90.8,37.1,95.5,65.0,65.3,126.2,40.9,71.1,53.8,108.0,37.5,5.6,5.7,68.4,29.2,5.8,5.6,5.6,5.6,5.9,5.6,99.3,83.9,82.6,85.6,65.3,101.7,134.3,71.6,86.2,84.5,98.4,190.5,93.4,74.0,110.5,68.2,55.1,104.2,79.2,77.8,86.5,56.1,53.3,105.5,5.7,5.6,5.6,5.8,5.7,6.3,5.6,5.6,5.9,5.6,5.6,5.6,5.6,5.6,5.6,5.6,5.9,83.4,108.5,126.6,68.0,65.8,160.1,49.4,159.8,89.8,123.5,123.7,126.9,80.4,103.6,64.1,90.0,56.0,106.9,53.7,116.8,94.0,123.0,105.8,95.6,5.6,5.6,31.8,13.2,18.4,36.0,26.9,26.6,34.6,29.4,5.6,5.8,5.7,5.6,5.7,5.6,5.8,5.8,76.8,65.1,66.4,118.2,81.0,65.3,71.3,127.8,76.0,146.1,107.4,154.4,287.1,100.3,40.8,71.8,65.6,42.9,88.5,102.8,100.8,78.7,72.8,92.2,87.8,57.3,99.2,123.4,75.4,85.4,130.2,157.0,97.8,74.8,84.3,5.7,5.8,5.7,5.7,5.6,5.7,75.2,81.0,152.8,103.8,160.0,142.1,101.2,52.8,131.4,86.9,153.1,52.3,87.3,147.6,88.4,239.7,78.2,81.6,40.1,59.8,110.7,107.2,64.7,50.8,79.1,53.2,65.8,42.6,46.3,208.4,52.4,31.9,55.2,7.5,50.0,5.6,5.7,5.6,5.6,5.7,5.7,78.1,66.3,135.7,157.8,70.6,100.7,69.4,118.1,84.4,68.2,96.1,33.9,87.8,66.3,85.0,51.5,70.2,145.5,65.9,78.8,72.4,71.3,96.5,68.8,84.7,77.5,92.1,84.6,65.6,57.5,27.5,52.6,44.0,21.4,61.1,39.8,5.6,5.6,5.6,5.6,5.6,5.6,57.0,76.0,83.3,63.8,85.1,81.5,96.4,68.1,135.9,66.0,128.2,79.6,111.8,108.1,68.3,119.9,92.2,140.5,107.6,72.5,126.3,108.3,135.6,72.9,64.5,132.5,121.7,90.2,163.8,12.5,80.9,108.8,127.1,109.9,96.3,105.9,40.2,95.8,121.0,158.3,192.5,70.6,72.9,140.4,71.1,174.1,145.1,87.5,76.5,201.7,109.3,57.0,76.9,87.1,130.3,106.8,75.1,93.7,87.8,96.1,140.8,84.2,65.4,140.3,62.2,80.6,48.3,103.4,98.6,83.8,102.7,115.1,77.4,139.3,151.7,84.5,109.7,64.9,87.6,104.3,129.4,94.4,75.1,101.9,76.3,128.1,85.4,87.7,70.9,87.7,71.3,105.9,118.5,163.7,106.8,89.6,88.0,80.2,79.5,65.3,72.0,71.1,79.2,76.0,65.1,60.7,75.8,75.7,72.2,80.6,77.9,76.0,66.0,71.8,69.0,86.8,69.2,81.1,76.3,71.2,76.2,82.5,78.4,82.3,65.5,72.4,78.7,64.4,66.5,96.0,77.6,85.5,81.4,79.9,70.3,69.7,71.6,77.8,63.7,76.9,92.4,71.8,75.7,80.0,71.2,74.0,77.0,81.8,78.3,76.9,73.0,72.5,79.0,72.0,75.2,83.2,72.6,75.6,75.8,76.7,72.9,81.0,77.9,75.3,80.1,71.4,56.2,83.3,67.7,69.3,76.1,69.7
phenylalanine,49.9,51.6,53.9,44.6,37.3,25.3,62.3,16.6,45.1,41.5,42.9,42.9,53.4,62.0,61.6,24.5,17.9,88.3,37.0,41.1,57.4,42.5,64.1,55.1,33.7,38.7,41.7,45.9,41.9,46.9,45.2,35.0,29.7,19.5,48.4,48.6,26.3,51.1,53.4,60.3,28.8,55.3,47.1,43.0,25.0,49.2,24.5,21.3,62.3,83.8,56.4,49.2,35.5,39.5,55.2,61.7,26.1,54.8,77.2,76.1,27.1,45.7,4.0,24.1,68.1,55.6,0.7,0.7,0.7,0.8,1.1,0.8,58.9,44.9,48.6,48.5,52.1,49.9,21.7,59.4,46.3,41.6,47.1,47.4,56.5,47.2,43.2,49.0,56.9,56.2,43.7,55.7,52.6,48.8,51.3,50.1,17.0,22.3,36.5,19.4,37.5,31.5,18.2,29.7,29.0,29.2,24.1,0.7,0.7,0.8,0.8,0.8,0.8,48.6,38.6,24.1,52.0,41.3,22.0,47.1,18.4,41.8,26.7,44.7,44.3,44.7,40.4,46.5,45.6,55.0,30.0,60.4,46.0,51.3,33.8,62.8,65.8,40.0,54.7,59.9,44.6,53.9,64.6,61.9,43.0,47.0,70.8,32.9,32.7,0.7,0.9,0.8,0.7,1.4,0.8,45.8,46.1,44.7,63.5,50.1,46.6,56.2,27.3,41.2,47.3,57.0,55.6,35.3,71.9,41.7,76.6,67.0,60.7,68.3,68.4,83.5,70.5,80.0,83.2,80.0,44.3,76.4,105.9,65.0,90.6,50.1,30.7,60.1,89.7,89.0,0.8,0.8,0.8,0.8,0.8,0.8,47.4,76.8,50.3,45.0,42.1,22.7,70.5,50.3,61.0,71.8,49.4,49.0,79.5,56.3,65.6,45.0,89.9,59.4,51.5,63.4,65.0,80.7,96.9,47.0,86.1,73.5,87.5,52.7,77.5,38.0,86.2,47.8,47.3,70.6,57.7,51.5,51.9,61.5,58.8,66.1,77.1,84.5,54.3,64.8,35.4,57.6,71.6,154.3,74.7,73.7,58.2,63.4,26.9,43.4,63.3,54.6,44.3,53.5,45.7,39.8,55.5,58.2,29.2,55.5,51.4,39.8,51.5,52.4,67.0,66.0,51.1,52.9,51.0,50.0,47.4,21.4,48.4,0.7,0.7,0.8,0.8,0.8,0.8,58.3,43.2,51.5,57.2,51.8,49.4,23.1,36.8,46.2,44.7,45.3,43.3,52.3,42.3,36.5,47.9,36.2,69.0,35.3,51.4,40.6,49.9,44.9,46.3,57.8,71.4,57.5,49.0,58.8,71.0,35.8,34.6,61.2,52.3,85.9,67.0,44.4,78.5,42.2,23.1,14.8,29.7,54.2,58.8,42.5,21.0,23.6,47.6,25.3,30.4,19.8,43.2,41.8,55.0,53.3,57.7,51.5,45.6,51.8,49.6,18.9,37.8,38.4,14.4,52.6,54.6,47.1,33.7,26.6,40.6,41.3,27.1,38.1,30.6,22.5,39.6,36.2,33.8,46.3,58.1,21.6,50.9,38.7,64.7,33.4,27.9,36.2,51.0,47.5,45.6,48.0,42.4,32.0,17.0,47.7,51.1,51.5,65.0,44.9,64.6,56.3,53.7,59.3,45.5,53.6,56.4,52.0,54.8,57.5,53.9,53.7,50.6,50.8,57.6,53.3,56.9,60.8,58.0,59.1,62.4,59.5,60.5,53.8,59.3,59.6,56.6,56.6,59.1,58.8,53.7,61.7,55.8,55.7,62.0,58.3,54.5,54.5,47.3,54.7,41.4,52.7,59.5,52.7,55.8,56.5,62.2,57.7,60.4,57.6,55.5,53.8,60.4,57.4,55.9,56.8,55.6,57.2,55.4,58.7,53.2,55.8,57.5,56.3,60.5,59.0,60.4,60.1,58.7,57.7,56.4,53.8,58.9
ornithine,38.0,42.5,34.4,31.0,37.6,39.3,27.7,36.5,47.9,31.3,14.8,31.8,29.3,31.2,21.8,29.9,35.7,21.9,26.5,38.9,41.8,33.7,33.8,40.7,33.6,32.8,20.1,26.6,38.1,16.3,31.1,42.5,23.6,39.4,18.8,52.0,35.4,43.8,28.1,36.2,36.5,25.0,30.3,42.9,45.2,39.0,40.2,32.0,23.9,24.2,23.3,32.1,9.4,39.7,18.5,19.4,33.2,13.7,26.5,29.7,29.4,30.2,20.8,10.2,23.6,22.7,14.0,11.2,16.4,14.0,18.7,11.7,53.3,42.1,47.4,29.6,29.3,53.2,43.2,34.1,32.0,33.4,47.0,48.4,36.6,35.7,42.8,34.4,20.8,50.7,38.1,40.9,32.1,54.5,34.3,39.7,26.8,27.0,18.5,11.0,37.1,16.6,31.2,31.1,30.5,16.4,33.6,8.7,17.9,12.4,11.8,16.2,19.8,33.8,34.6,36.1,32.9,25.2,41.5,28.6,34.4,46.7,37.5,38.7,36.7,35.9,51.6,42.4,48.7,30.1,40.9,28.4,55.6,47.8,37.3,37.7,35.5,24.4,25.0,24.9,35.0,19.1,25.9,43.5,22.3,61.0,37.7,40.6,35.3,18.1,9.5,23.5,8.9,29.0,30.0,42.1,37.6,32.4,45.6,29.8,20.7,28.4,34.2,29.2,38.2,54.2,53.7,33.0,29.3,14.1,25.8,24.2,17.6,20.0,40.7,27.9,27.3,25.8,33.4,18.5,17.1,25.8,31.6,36.5,42.1,29.8,35.8,25.7,37.4,42.5,26.2,23.1,24.1,22.4,20.4,23.9,36.0,29.4,40.3,47.1,39.3,36.2,36.2,22.4,33.8,42.5,35.0,18.4,35.1,20.4,19.6,30.5,26.0,18.8,10.5,21.6,27.3,27.9,21.2,11.0,23.4,22.9,28.8,11.9,17.3,28.0,38.4,12.9,28.4,18.2,15.0,3.6,3.5,3.8,3.8,3.4,3.4,22.6,17.8,31.0,35.5,28.5,37.4,26.3,26.0,19.6,15.9,20.3,9.2,40.0,22.9,32.6,25.8,31.0,48.4,24.1,31.3,50.4,31.1,36.9,29.3,31.3,26.4,38.4,26.9,25.0,25.1,37.4,33.6,32.2,13.4,29.1,33.6,4.0,8.9,13.0,8.3,9.1,5.6,22.8,25.6,38.5,20.7,30.8,30.5,34.7,26.4,36.7,25.9,37.2,35.6,42.1,58.4,48.7,39.4,42.3,45.7,74.5,61.7,65.4,49.1,41.7,43.3,36.7,47.6,55.6,38.1,47.5,5.0,48.4,50.5,30.6,34.7,34.6,9.0,3.5,42.5,60.5,42.2,47.3,41.7,40.9,50.6,53.3,43.7,42.3,40.0,83.7,57.4,40.5,23.3,42.6,37.7,29.4,33.5,25.8,36.5,41.0,27.1,31.2,31.6,44.1,33.6,23.3,28.1,19.9,38.8,36.1,47.7,37.5,42.2,36.7,47.8,36.5,35.0,53.4,39.1,49.3,33.8,35.0,31.0,21.0,29.1,37.0,32.5,39.2,30.2,22.5,34.0,28.1,43.8,38.4,39.8,43.7,32.7,37.1,34.5,38.1,36.1,37.8,37.7,39.5,36.3,37.5,38.7,40.9,38.2,39.5,39.0,39.0,38.8,39.9,40.0,41.0,40.2,40.2,39.7,38.6,37.4,38.9,38.5,39.2,39.1,37.1,39.7,40.4,38.4,36.5,39.7,37.0,39.2,38.4,36.9,37.0,38.1,38.3,37.7,36.2,40.4,39.7,39.1,38.9,36.4,40.5,38.3,38.8,39.1,38.6,38.2,40.0,38.6,39.6,39.1,40.8,39.6,38.8,39.0,38.1,39.0,39.9,36.7,39.0,39.3,40.5,34.8,34.6,39.1,39.4,39.4,41.6,37.1
methionine,41.1,38.9,26.7,28.4,49.5,37.1,38.4,48.0,25.0,31.2,15.0,26.9,35.0,32.8,29.0,28.9,39.1,24.4,50.4,40.1,35.9,46.7,34.6,43.4,44.8,25.6,17.2,25.8,50.2,21.0,27.1,32.2,35.2,48.6,24.0,39.4,40.0,40.7,29.7,33.2,35.8,25.2,38.1,45.3,52.6,37.8,41.7,47.4,37.0,27.8,23.0,29.3,11.2,44.9,24.6,22.5,42.5,19.4,30.7,32.0,40.4,39.4,12.8,18.0,37.6,28.6,15.8,11.2,10.6,11.7,14.9,3.2,37.9,46.0,46.6,25.5,25.5,38.2,41.5,39.9,30.8,25.6,42.1,44.9,44.1,26.9,38.7,26.2,24.8,41.1,40.8,33.8,30.7,71.6,29.2,45.7,80.7,77.7,30.6,28.5,64.8,31.4,33.5,54.6,47.5,25.4,44.6,8.4,20.4,6.5,2.6,4.8,2.6,31.6,44.9,37.5,26.7,27.4,45.6,25.6,45.9,31.7,49.4,41.7,43.4,31.9,43.5,33.1,32.5,26.6,49.2,25.0,50.3,47.4,43.4,35.5,31.1,37.2,41.0,30.7,44.6,23.0,29.4,49.9,33.4,49.7,38.1,67.5,51.7,6.0,3.4,22.5,3.4,35.1,57.2,28.6,39.7,28.9,38.1,28.6,17.9,25.8,48.6,26.1,41.0,32.2,41.6,59.9,34.8,19.6,28.6,30.8,24.2,22.7,35.6,35.3,29.3,31.3,39.7,21.6,22.5,33.5,47.5,38.1,39.2,43.9,64.9,29.7,37.7,43.2,37.7,34.8,24.5,24.8,18.0,29.4,32.6,35.2,40.0,40.6,58.8,52.0,35.0,24.1,54.0,47.1,53.7,20.9,30.7,50.4,23.5,55.6,27.0,28.1,28.2,41.9,45.5,64.9,25.5,31.8,39.0,42.5,41.8,25.4,38.2,70.4,55.1,28.8,74.3,47.1,17.7,54.6,95.7,57.1,63.1,50.2,24.7,30.3,21.4,46.7,53.5,52.4,58.3,23.3,27.2,15.8,13.6,22.9,9.5,70.0,35.3,46.7,46.9,48.7,76.0,35.4,30.1,36.6,29.5,38.9,26.8,44.4,21.5,34.0,29.8,25.8,25.7,35.1,37.2,34.3,13.0,44.2,36.1,2.5,2.6,2.5,3.0,2.7,2.6,41.9,43.6,77.9,32.2,53.4,53.1,66.6,41.3,60.8,42.5,57.5,70.3,52.0,44.4,40.8,42.2,32.0,65.2,47.9,51.0,62.1,41.2,54.8,34.7,31.5,44.7,46.3,35.8,44.6,55.9,42.9,35.6,53.4,25.1,20.6,50.7,22.1,33.3,46.9,51.5,60.3,44.0,26.2,34.1,33.5,53.3,48.9,50.0,49.7,64.3,77.8,38.8,70.2,64.1,54.0,57.2,38.5,61.9,73.7,49.5,62.0,50.0,83.2,74.7,41.7,44.0,38.6,79.3,65.0,65.1,73.9,71.0,62.6,104.8,74.3,54.5,91.1,74.9,72.0,64.1,74.4,54.9,38.3,60.5,46.6,65.2,80.1,49.3,37.5,58.0,42.2,36.5,47.9,39.4,32.8,22.8,36.9,37.0,41.9,40.2,40.7,42.8,39.2,37.5,40.9,38.2,39.2,41.5,38.6,40.4,40.3,42.1,42.3,42.9,40.7,41.2,41.8,40.9,39.9,36.3,39.4,38.6,36.3,40.5,38.2,41.3,39.4,40.7,37.7,44.8,40.4,40.7,42.8,40.1,38.5,40.0,38.5,40.6,40.4,38.2,42.4,39.2,42.7,39.5,40.6,38.5,41.0,38.7,40.5,41.1,42.2,39.6,39.8,42.0,41.2,40.3,40.5,39.1,39.1,41.9,40.9,37.6,39.8,41.1,41.5,35.7,31.5,41.0,40.0,42.5,38.0,41.3
lysine,461.0,507.6,394.0,423.4,601.2,465.4,416.6,500.2,652.8,520.5,167.0,713.3,428.4,394.3,385.4,384.2,504.4,468.0,364.9,483.9,480.9,480.6,480.4,560.1,461.5,320.0,355.4,344.3,432.9,321.1,602.2,527.5,338.8,605.9,354.3,594.6,444.6,554.4,402.1,467.8,404.8,612.6,354.7,529.9,684.9,571.2,543.8,464.2,520.5,547.5,474.1,518.7,225.7,576.1,442.4,406.8,565.3,357.0,443.5,359.6,415.8,443.3,258.4,285.6,455.8,342.9,65.5,257.6,275.3,188.4,182.6,117.7,681.5,578.3,688.8,497.7,448.2,595.2,535.5,536.9,466.6,414.5,643.5,564.5,612.3,735.3,506.6,414.4,402.7,620.9,399.4,827.9,406.9,785.3,675.5,551.0,291.7,326.5,347.0,169.4,443.3,266.3,202.5,403.0,578.7,319.9,303.7,202.5,150.4,270.8,241.6,205.4,350.7,381.2,573.7,422.2,575.4,331.5,667.9,409.9,472.1,606.9,530.0,619.0,509.5,765.0,879.8,965.7,665.3,506.0,557.2,669.7,637.2,681.5,550.5,574.6,540.0,349.0,401.6,524.4,493.6,334.2,450.6,630.9,374.4,712.8,672.4,649.2,470.7,87.9,89.0,123.1,52.7,175.6,253.8,924.7,528.2,506.9,554.1,575.1,345.2,610.8,501.1,588.0,566.2,689.6,617.8,370.0,513.5,358.2,514.2,510.4,494.8,358.4,382.5,572.2,246.2,641.5,589.9,384.5,354.8,460.6,334.6,275.9,425.4,474.0,538.9,383.5,538.6,487.1,133.5,159.5,320.0,228.8,255.5,255.5,413.4,467.8,672.1,531.8,465.0,489.3,476.8,501.8,542.6,652.1,611.2,401.9,387.4,325.0,362.5,382.6,548.6,358.8,351.6,460.7,363.4,413.1,447.9,314.1,415.6,125.6,344.3,389.9,533.2,371.4,902.9,389.8,447.2,383.6,364.5,475.7,360.5,314.9,315.0,401.8,356.0,391.5,321.2,447.1,376.0,366.8,584.8,298.7,470.2,296.4,268.3,442.4,169.1,584.0,476.1,636.5,406.5,527.8,647.8,287.4,447.6,591.1,285.1,556.1,546.3,466.7,455.0,537.3,454.7,392.6,417.0,584.3,601.3,447.1,279.1,356.9,530.5,8.3,24.2,28.2,67.4,41.5,35.2,388.3,371.4,504.3,403.9,444.8,432.3,381.5,322.8,519.2,308.1,476.5,560.5,652.7,790.9,646.0,757.7,638.5,744.0,1448.4,560.3,955.4,676.9,704.0,526.7,557.7,770.6,769.8,440.8,737.7,452.5,642.0,598.8,423.6,572.1,734.9,401.2,337.9,668.1,740.4,623.0,595.3,585.3,519.4,791.5,552.8,594.6,686.1,698.5,1932.0,1187.8,435.3,363.7,877.9,465.4,418.9,457.9,542.8,445.4,575.6,391.3,365.2,425.7,684.8,441.9,369.2,485.0,370.5,574.1,392.0,606.2,542.4,528.3,329.8,748.5,485.4,738.4,691.6,644.8,649.4,449.2,420.4,605.3,284.5,429.3,339.6,504.2,506.5,450.0,379.7,415.2,384.6,706.9,557.1,578.5,487.8,635.9,551.8,542.9,652.6,610.4,680.4,679.2,649.6,638.8,639.6,546.6,628.4,693.3,651.5,655.2,678.2,670.6,681.0,707.2,639.6,663.2,671.0,639.4,640.3,608.8,605.6,677.0,750.1,660.1,699.4,702.5,706.3,701.5,670.7,862.0,690.2,655.5,727.5,585.0,629.5,646.4,665.4,639.5,664.9,665.1,632.0,670.0,662.8,695.7,686.8,617.1,615.3,645.9,622.9,647.9,663.6,671.2,693.5,676.5,674.1,646.3,663.7,655.4,675.7,680.5,697.7,685.5,672.0,687.4,623.5,658.4,576.3,638.6,658.6,669.3,611.0,644.9
leucine,181.5,181.8,173.9,159.3,173.3,136.4,179.7,94.2,172.3,158.5,122.1,170.7,193.8,192.2,158.9,104.3,81.5,180.3,121.5,164.5,174.0,135.9,192.0,180.5,194.2,145.8,156.0,161.8,177.5,150.0,155.9,137.7,89.0,112.6,156.3,176.7,120.3,181.2,188.8,197.7,140.2,175.9,173.8,189.3,115.8,181.9,95.2,97.2,192.9,178.8,157.7,140.8,127.1,118.3,159.1,164.1,102.7,166.9,192.1,182.1,114.8,180.9,141.3,132.9,197.7,176.4,0.6,92.1,65.4,9.6,4.6,4.5,187.5,195.7,192.7,141.6,157.6,179.0,110.5,190.3,162.7,147.1,174.6,190.0,166.4,168.1,165.2,168.8,161.2,196.1,165.6,181.8,167.5,321.4,169.7,190.7,90.7,104.3,144.8,120.5,181.6,147.6,120.5,149.3,146.2,146.4,135.7,55.6,103.1,25.0,0.5,3.1,0.6,181.5,140.5,106.4,164.6,147.0,103.9,161.8,104.8,157.9,105.3,170.2,190.3,155.9,170.5,205.3,175.4,169.6,169.1,173.3,185.4,182.1,105.7,175.2,168.8,128.0,174.8,184.5,156.2,154.7,193.8,174.9,155.0,182.9,187.0,162.5,171.4,0.6,1.0,16.3,0.5,2.7,1.3,168.2,195.5,153.8,187.2,148.9,141.7,160.5,83.6,153.0,167.0,184.6,196.2,110.8,172.2,133.5,187.4,149.3,159.1,169.3,178.0,206.0,163.5,204.1,187.7,173.2,135.2,192.6,206.0,179.0,188.6,122.7,103.9,149.5,197.4,204.0,37.5,68.2,62.2,59.5,40.5,118.3,157.0,191.4,150.9,158.0,165.6,95.5,186.6,143.6,115.6,187.9,103.8,147.5,177.8,132.6,142.1,128.8,193.5,134.0,119.8,139.2,138.7,123.3,165.4,123.0,153.4,136.7,158.9,129.9,151.8,87.0,193.0,122.4,130.1,129.9,162.9,104.6,102.8,106.0,90.3,128.3,121.2,153.3,133.0,157.0,115.2,165.8,148.6,193.0,158.5,151.7,129.4,146.8,104.9,175.8,164.7,158.9,152.6,165.4,179.0,120.5,175.4,177.7,132.0,187.4,155.6,120.0,150.8,185.4,170.1,180.8,163.3,193.3,184.3,180.5,167.5,97.5,189.5,0.5,0.6,0.6,0.5,0.5,0.6,157.9,146.6,167.9,155.3,176.5,166.7,132.9,142.1,169.5,138.8,167.0,188.4,187.3,197.4,190.9,127.4,145.5,229.1,175.8,271.9,198.1,187.9,115.5,183.8,167.4,190.8,214.3,163.2,190.7,79.0,191.6,157.4,117.7,169.2,177.6,130.3,83.6,198.8,190.1,112.9,70.6,180.9,165.7,186.9,175.2,118.5,138.9,187.2,208.6,133.0,102.5,156.0,185.0,184.0,164.5,176.4,159.0,176.4,158.6,156.0,72.7,140.1,195.0,84.3,153.6,151.9,157.0,125.8,118.3,172.2,152.9,126.4,152.2,146.5,103.5,146.3,204.7,185.0,195.9,202.7,93.0,157.2,132.1,183.8,148.8,79.8,178.4,166.2,146.9,165.4,139.5,166.2,134.9,81.5,158.2,178.1,192.9,155.1,182.9,184.7,179.3,190.1,185.3,157.9,196.6,184.4,182.6,182.7,186.1,180.0,181.6,184.5,190.9,179.9,177.9,176.1,176.9,174.4,175.2,184.3,182.2,172.5,190.1,179.0,182.6,182.0,176.0,178.8,177.5,160.3,188.0,172.5,186.7,191.0,170.4,189.1,180.8,183.7,191.3,142.6,192.4,182.9,188.5,184.0,178.8,182.1,189.9,183.9,183.0,185.8,188.4,178.6,176.6,181.3,181.0,180.2,179.3,183.7,181.1,183.4,182.5,182.9,181.8,181.1,178.2,180.5,176.1,180.7,181.3,180.2,178.7,180.0
lactic acid,506.3,486.8,501.4,458.5,506.7,506.0,499.4,425.4,506.7,506.8,421.0,506.2,506.0,504.4,501.4,506.6,470.9,505.4,486.9,505.2,450.7,330.2,493.2,415.0,438.5,485.6,478.6,502.7,506.5,91.9,504.6,501.7,503.6,498.8,506.1,498.8,505.5,506.9,506.8,506.5,502.3,506.3,506.7,419.1,495.3,502.1,467.9,453.9,444.2,489.7,470.0,503.7,443.5,505.9,498.8,482.6,494.6,486.9,504.4,422.2,506.5,500.2,421.5,425.8,505.4,496.9,10.6,336.1,245.2,12.0,9.4,3.9,489.2,497.7,489.6,501.8,505.4,483.1,143.3,506.6,504.0,501.9,437.3,479.9,193.3,504.1,493.6,123.3,504.6,496.9,495.9,467.9,506.8,484.3,506.4,504.1,9.2,213.8,349.4,48.2,172.1,47.7,4.9,27.5,14.2,9.5,4.9,6.4,4.6,5.2,5.0,6.9,3.9,506.6,505.9,506.1,497.3,272.6,179.5,503.3,506.4,496.8,497.8,504.0,506.8,489.9,262.9,406.5,426.1,495.1,505.8,505.8,502.8,495.6,501.0,505.9,497.1,338.4,391.7,493.2,402.0,408.6,505.9,411.5,411.5,475.3,437.1,303.1,7.3,6.5,4.3,6.8,7.9,25.8,3.7,501.3,344.5,500.0,494.9,479.5,459.0,482.1,471.3,504.8,503.8,486.6,498.6,502.6,331.6,431.8,486.4,494.6,491.4,494.0,473.4,506.6,464.4,506.7,505.6,497.2,489.6,505.9,505.6,505.2,492.6,505.1,385.4,487.8,506.7,505.6,253.1,111.2,322.6,409.2,390.0,489.0,496.6,505.0,498.0,506.6,506.9,506.7,499.9,484.4,498.8,104.3,503.1,462.7,493.0,505.1,202.5,506.8,487.1,496.1,454.2,485.2,493.3,461.9,417.9,170.2,474.1,494.4,506.8,402.8,188.9,505.5,505.7,397.0,467.6,398.1,466.7,9.1,6.3,6.2,3.3,6.7,5.5,460.0,472.5,502.9,503.1,506.8,506.9,473.1,504.9,472.3,440.6,506.9,385.6,506.2,480.2,499.7,487.4,505.8,410.8,499.2,502.6,495.4,506.6,158.9,506.8,505.4,505.5,506.9,485.7,504.5,244.7,113.5,503.6,503.6,483.2,505.2,506.4,4.2,9.1,4.8,5.2,7.5,4.1,498.5,494.0,506.8,464.8,506.6,506.4,506.8,505.9,503.2,395.4,501.8,506.2,354.7,338.1,389.0,80.2,506.1,493.0,335.1,493.5,496.7,472.8,504.0,263.9,505.2,414.1,281.7,491.5,375.0,300.5,299.3,498.0,491.9,505.6,506.7,505.3,499.8,506.2,493.7,493.4,412.9,500.3,506.3,488.3,503.9,443.0,499.2,498.6,496.1,433.8,487.5,442.8,421.0,501.1,506.8,506.8,501.2,506.4,503.7,502.4,506.1,506.2,415.3,506.8,500.9,501.3,489.3,504.4,505.5,503.0,506.3,506.8,506.8,499.4,188.0,499.7,504.9,495.7,311.8,506.0,491.1,502.3,486.8,503.7,397.6,126.3,344.6,506.4,249.3,504.9,311.8,469.1,144.1,505.9,341.4,461.6,505.0,503.6,500.9,495.9,500.6,498.0,456.7,307.2,502.2,411.3,506.8,456.1,505.5,505.4,214.0,504.9,327.0,499.4,487.2,493.9,494.0,490.7,485.3,474.1,475.9,479.3,488.1,482.6,492.1,493.5,487.1,490.4,486.7,471.9,486.7,482.1,492.5,490.3,469.6,482.9,484.3,497.5,494.9,280.1,470.6,493.0,488.8,466.9,482.3,498.0,90.1,483.3,482.7,492.0,487.8,139.7,477.2,501.8,493.0,493.7,485.6,492.7,492.5,498.5,501.5,498.8,492.2,492.8,484.1,491.8,506.2,191.9,496.6,488.0,490.6,496.9
isoleucine,135.3,148.1,134.3,124.0,116.5,93.2,132.7,60.1,130.6,120.9,93.3,130.0,136.6,132.9,124.2,69.4,55.1,132.8,91.4,123.3,132.3,101.2,143.1,146.2,141.9,111.3,118.0,127.0,132.8,115.0,116.3,96.6,62.6,74.3,114.8,135.8,78.4,140.7,139.7,162.2,97.6,141.9,126.5,139.5,85.4,133.6,64.9,68.3,141.9,138.5,124.1,108.9,97.7,87.7,121.6,129.6,77.2,131.3,145.0,144.1,74.8,135.9,119.9,102.1,145.1,137.7,0.6,73.0,53.9,7.6,3.3,4.4,158.9,162.3,158.3,107.3,118.7,149.3,74.0,157.1,105.5,114.5,144.2,144.0,125.4,130.9,125.0,130.2,128.3,159.7,129.1,141.0,129.9,255.7,129.1,136.3,60.6,74.1,110.8,83.6,132.8,116.9,93.2,114.9,116.0,114.4,100.1,76.1,103.5,58.9,0.6,28.7,0.5,138.8,102.2,69.2,127.3,110.2,69.5,122.6,66.9,120.6,77.3,128.6,136.4,117.9,128.9,162.1,133.0,129.1,119.4,137.3,151.1,145.2,79.2,134.6,133.9,96.1,130.4,136.7,125.4,121.6,150.2,134.8,122.4,139.6,144.7,122.0,140.3,2.9,0.6,11.7,2.9,1.6,0.4,133.0,141.9,119.3,141.7,118.3,114.4,125.1,66.7,118.5,119.0,157.2,148.8,79.8,130.7,92.0,148.1,112.5,119.0,133.3,132.2,145.2,109.3,148.3,140.8,131.9,99.7,142.6,152.7,134.9,146.2,80.1,69.3,115.6,152.3,155.2,32.7,56.7,49.0,47.9,34.2,92.8,123.5,136.3,114.5,117.5,118.5,63.1,141.9,108.9,90.3,142.1,78.4,109.3,135.0,99.7,115.6,87.7,147.9,100.4,93.4,108.3,109.3,102.5,129.5,94.1,119.7,112.3,120.3,101.5,107.6,58.8,148.1,92.1,86.0,104.7,122.3,84.7,78.7,83.5,73.1,99.5,107.2,129.2,114.9,131.3,81.7,134.0,113.0,170.7,124.7,126.6,112.8,117.4,82.1,142.6,128.8,126.7,117.7,127.6,140.0,96.9,131.3,137.9,86.7,134.4,119.7,92.5,120.2,133.9,133.1,137.6,130.9,148.0,142.5,141.6,138.2,67.0,144.7,0.5,2.7,2.3,2.6,0.3,2.7,120.7,111.0,125.4,125.7,130.1,131.7,85.8,112.6,129.7,110.4,130.1,132.7,136.5,156.6,144.0,91.9,108.8,183.2,138.5,223.0,158.9,153.0,85.7,137.6,133.6,138.5,171.0,123.6,140.3,33.4,146.8,123.2,96.0,126.0,148.0,91.9,47.7,142.6,151.8,75.9,52.0,127.4,131.4,148.9,138.1,76.9,96.1,136.9,168.2,97.6,74.0,123.0,142.0,142.3,127.3,135.9,127.0,128.7,115.5,126.2,50.2,109.5,136.7,57.9,117.3,119.2,125.6,112.9,80.7,127.7,112.7,82.8,125.0,108.0,66.4,114.1,157.2,135.1,154.4,155.0,62.4,124.7,102.0,139.1,115.9,60.9,127.1,130.1,117.0,129.2,111.4,131.6,101.3,53.1,123.1,131.3,146.2,118.9,141.1,143.6,135.0,145.9,143.7,125.8,150.5,138.7,139.8,140.1,141.0,138.8,140.4,143.0,143.1,137.4,137.6,134.9,138.6,134.8,136.1,143.8,142.4,134.6,142.3,138.5,141.9,140.6,139.0,142.8,137.9,125.9,145.7,133.3,146.4,150.1,129.7,142.7,140.5,138.0,144.3,105.7,146.3,139.8,137.0,140.2,138.7,142.9,130.1,140.0,142.1,143.2,134.6,136.8,136.2,140.2,140.2,140.4,138.4,139.9,139.6,141.1,139.8,139.2,141.2,141.9,139.7,137.8,134.5,140.1,138.1,142.3,138.1,138.6
histidine,9.2,9.6,9.4,47.6,58.4,9.2,46.5,55.1,63.7,48.3,26.2,40.7,57.8,55.7,35.4,41.8,47.7,32.6,48.8,67.0,60.8,53.7,58.1,9.2,9.5,60.5,28.3,9.6,54.4,9.3,43.5,53.1,9.1,65.8,9.1,62.9,46.6,64.2,46.8,9.3,48.6,34.2,41.2,77.2,59.0,61.2,50.4,52.4,49.2,36.7,35.0,47.3,23.9,48.5,38.1,36.2,58.4,9.4,9.3,50.0,9.4,63.5,39.1,9.7,9.4,44.9,24.8,49.1,10.1,10.4,60.1,21.9,74.9,65.7,62.6,41.8,46.8,71.5,61.9,57.1,9.2,48.9,62.1,9.1,61.7,46.9,64.0,59.9,33.2,70.0,56.2,54.6,53.8,125.2,50.4,51.7,33.7,47.2,9.6,26.2,57.4,28.6,42.1,46.0,54.1,9.5,45.5,37.2,46.8,55.3,58.7,80.2,75.7,53.1,55.9,47.4,43.2,40.1,9.5,49.8,54.9,67.1,59.8,59.7,48.8,49.4,65.0,52.9,68.0,9.4,57.6,38.1,80.7,69.5,63.8,9.4,9.3,39.0,9.7,43.9,9.3,32.8,10.1,70.3,9.5,84.5,62.1,59.3,55.8,16.4,16.7,42.1,9.8,65.5,45.5,51.6,61.0,50.2,9.1,41.4,31.3,37.3,62.0,38.7,56.8,80.5,75.4,53.5,39.6,10.0,61.9,9.7,9.6,36.4,61.6,60.8,46.7,54.1,65.4,33.3,9.7,58.5,53.8,54.1,69.8,58.8,58.8,45.0,60.6,66.5,43.6,47.7,85.5,87.5,65.1,91.5,57.8,49.7,48.2,68.1,50.1,46.6,9.6,9.6,59.7,58.9,58.9,9.8,53.6,50.1,34.2,9.9,10.0,9.6,9.5,9.6,46.7,49.3,34.9,33.3,61.7,34.2,50.1,36.3,47.4,9.6,56.8,40.1,60.2,9.8,26.6,66.5,51.2,53.0,48.4,62.7,23.8,33.6,28.2,47.7,45.6,44.7,58.0,47.4,61.3,31.3,27.3,54.9,29.0,57.5,33.6,44.4,38.3,45.9,9.2,40.3,49.4,68.4,39.3,57.5,41.5,57.9,38.0,56.7,9.0,9.5,48.1,9.7,60.2,9.5,24.1,9.3,60.2,8.4,13.5,16.1,9.7,17.6,10.3,34.8,40.7,59.4,30.1,9.4,52.0,45.1,9.4,49.2,41.9,52.3,51.8,66.8,72.6,85.5,64.5,59.4,107.9,73.5,144.9,77.1,63.9,64.6,77.3,55.6,80.2,89.5,56.9,70.8,79.0,97.6,67.3,53.7,57.1,47.7,54.9,9.4,9.4,71.6,99.1,116.9,74.2,9.2,79.0,85.7,82.3,71.5,61.8,81.9,98.3,55.0,37.0,55.5,55.4,46.8,59.4,36.1,55.3,59.3,43.3,43.5,46.4,74.1,41.8,36.0,44.2,32.2,58.9,9.2,65.4,55.7,48.8,58.8,59.2,46.5,47.3,68.6,59.9,63.7,50.7,49.6,45.1,9.3,46.1,69.6,52.8,59.5,46.3,33.5,51.4,44.8,60.0,64.6,53.2,70.1,47.8,56.7,57.4,59.8,58.8,60.5,59.8,59.9,60.4,60.5,58.9,62.1,58.4,64.6,60.9,61.6,59.6,60.2,61.9,60.4,59.9,60.4,60.5,60.4,58.6,59.5,59.9,60.7,61.2,55.8,61.9,61.2,59.3,59.9,60.4,60.7,59.1,57.1,60.0,57.8,61.5,61.1,60.0,61.2,59.6,60.1,61.3,58.8,62.2,59.4,66.6,64.6,59.3,59.2,62.4,60.6,61.8,68.5,10.3,10.4,10.5,62.5,65.9,69.9,73.6,61.1,95.3,13.2,12.3,11.0,14.1,16.9,15.6,115.4,59.4,63.6,73.8
glycine,80.0,82.9,69.8,62.4,87.4,88.9,71.5,86.5,74.8,67.2,38.1,85.2,73.7,78.0,63.7,78.4,82.0,77.3,76.3,68.7,67.0,76.8,78.8,80.8,85.9,57.8,57.4,59.1,83.0,53.0,69.1,76.4,83.1,92.0,64.1,84.9,85.8,92.0,65.7,79.2,84.2,83.6,69.1,82.3,104.7,83.3,85.5,87.4,85.0,78.4,62.2,63.1,46.7,84.8,62.1,63.8,87.4,59.1,69.2,54.2,73.3,61.0,0.5,4.0,66.1,49.1,0.1,0.1,0.1,0.2,0.9,0.2,93.5,97.3,84.3,61.9,62.8,89.7,88.2,81.6,64.9,59.6,85.5,86.2,85.7,79.9,74.7,63.6,57.9,87.9,48.9,89.0,66.2,107.4,79.8,86.6,32.9,48.6,47.0,26.9,52.0,35.2,0.1,44.2,36.0,14.3,27.5,0.1,0.2,0.1,0.1,0.2,0.1,64.7,78.2,86.8,78.7,52.5,89.2,60.0,82.9,75.4,81.3,73.7,81.2,70.9,80.9,90.2,70.6,61.3,87.4,80.2,96.0,84.2,55.7,84.2,68.4,42.3,50.3,66.4,56.3,47.3,53.5,75.3,44.7,79.3,66.9,62.9,37.9,0.1,1.0,0.4,0.1,1.4,0.1,84.9,75.6,62.9,79.1,63.7,43.4,71.5,77.0,65.7,75.4,103.9,93.3,65.8,70.7,46.7,70.6,61.0,58.1,66.9,67.6,73.0,51.4,75.4,77.2,70.9,49.3,68.1,68.2,46.2,79.3,70.2,79.0,59.4,77.9,74.2,0.1,0.9,0.2,0.1,0.2,0.3,69.6,71.4,86.3,68.1,85.1,85.4,71.0,58.9,72.7,88.1,81.2,56.9,64.2,49.1,58.2,61.1,68.6,51.9,42.1,62.4,71.3,86.8,73.3,46.4,66.9,24.0,70.0,52.9,58.7,62.8,99.5,47.9,52.8,40.0,56.0,0.2,1.0,0.4,0.2,2.0,0.3,68.6,51.1,68.5,73.5,69.4,81.1,67.9,67.7,60.5,53.2,58.1,33.7,82.3,68.1,70.9,59.3,68.4,92.6,49.2,66.8,87.3,72.4,73.8,65.9,75.2,62.9,80.3,64.8,64.7,59.9,50.2,73.5,68.0,52.1,63.0,70.3,0.1,0.0,0.1,0.0,0.1,0.1,62.7,59.2,85.8,61.4,69.8,66.1,83.6,54.0,77.4,53.0,72.9,71.3,104.8,98.8,81.7,81.3,66.2,113.7,108.0,146.1,109.9,91.3,88.9,77.2,72.9,84.8,111.5,66.8,95.0,6.1,91.7,81.3,72.0,67.8,82.0,78.5,48.0,86.7,96.1,101.1,113.3,105.4,77.8,101.0,82.9,100.8,104.7,92.9,112.0,128.6,51.5,53.7,92.0,69.5,74.3,72.8,70.5,70.9,82.5,62.4,74.2,58.3,83.3,80.2,57.5,66.6,56.4,91.4,76.2,81.8,82.1,85.9,50.8,112.4,82.6,76.2,97.1,100.6,89.7,72.0,79.8,71.3,45.6,67.9,62.2,71.2,80.7,67.5,54.2,65.9,60.1,74.7,87.4,80.6,73.6,70.1,72.6,72.1,75.2,71.3,74.9,73.2,73.0,73.1,72.3,59.4,70.1,72.4,75.6,76.0,74.7,74.9,76.7,78.2,74.8,72.6,75.0,72.0,74.0,75.4,72.6,74.0,73.8,72.6,76.9,75.7,73.0,75.6,73.3,80.9,70.1,74.5,77.6,73.0,73.3,72.7,77.0,73.9,77.4,73.1,69.4,73.0,74.1,75.6,73.3,72.1,70.8,73.4,76.4,75.0,76.0,75.3,75.4,74.7,73.7,72.6,74.9,74.0,73.6,69.4,77.4,72.6,74.2,76.0,73.1,70.7,67.5,69.2,79.3,77.4,76.6,78.5
glutamine,33.2,66.0,53.8,32.0,54.1,26.4,26.1,36.2,61.4,25.7,13.1,12.0,32.0,40.2,15.7,15.5,30.6,9.6,35.0,67.7,67.2,47.7,45.9,46.7,53.1,47.6,8.8,28.0,28.0,12.8,16.2,31.9,17.4,39.4,17.6,85.9,23.3,40.5,25.0,28.5,44.5,9.7,12.5,76.5,37.9,34.9,37.7,21.8,25.9,8.6,12.9,26.3,8.7,37.3,11.3,9.5,29.6,10.1,14.0,41.5,9.0,6.1,6.2,5.9,10.1,6.1,22.4,5.9,6.0,6.1,6.2,6.6,69.0,42.2,68.4,20.8,23.8,98.5,55.0,34.8,36.9,36.6,61.8,70.1,52.7,13.8,73.5,42.5,13.1,64.8,87.6,19.5,8.7,137.6,24.7,17.9,8.7,27.6,6.8,8.1,30.1,7.4,10.0,24.2,13.3,7.7,21.1,6.0,6.1,6.0,6.0,6.1,5.9,37.3,37.1,23.3,15.2,22.5,34.1,28.8,33.2,43.7,38.1,51.7,18.5,28.3,45.3,12.7,65.5,24.8,31.7,10.1,88.4,28.8,39.9,27.9,25.2,17.2,10.6,11.3,21.6,7.7,10.5,38.9,9.1,71.8,12.4,18.9,16.0,5.9,6.3,6.0,5.9,6.1,6.6,17.9,51.3,30.7,59.8,11.6,10.0,11.5,41.0,11.5,41.9,82.1,104.3,8.0,9.2,7.2,7.7,8.1,8.0,6.5,10.6,6.8,7.0,6.9,7.5,6.0,6.0,5.9,6.2,6.7,5.9,7.9,5.9,6.0,6.0,6.0,6.5,7.6,6.1,6.0,6.3,6.1,40.3,14.7,18.3,57.2,16.3,12.7,13.8,11.0,21.1,27.2,19.9,7.8,8.3,6.0,6.0,6.0,6.0,8.0,6.0,6.0,6.2,6.0,6.0,6.0,6.0,6.1,8.4,6.0,6.0,6.0,6.2,5.9,6.0,5.9,6.0,5.9,6.1,6.0,6.1,6.9,6.1,8.4,7.9,7.7,9.2,8.5,23.2,8.2,6.6,6.8,6.2,6.6,6.6,45.4,9.8,11.1,20.2,22.8,61.7,19.5,22.1,49.4,13.0,35.1,15.2,9.1,15.3,16.3,15.6,7.9,7.1,6.1,11.7,12.5,6.0,6.4,8.9,6.1,5.9,6.0,7.2,10.6,6.0,15.6,23.4,52.5,9.4,27.3,25.5,23.8,31.6,18.3,27.7,25.9,37.8,63.7,104.6,71.3,43.4,41.9,45.3,63.2,145.8,76.4,74.3,43.2,76.9,24.3,41.3,82.7,48.9,50.4,5.9,86.2,53.9,6.1,19.0,7.4,6.1,6.0,10.1,106.1,35.0,42.8,70.8,51.1,61.3,107.1,41.3,50.0,72.9,106.6,65.0,80.6,18.4,24.1,38.0,16.8,31.1,11.8,42.6,50.9,13.6,28.2,37.1,90.3,22.4,19.1,20.4,13.8,61.5,19.3,62.7,36.6,41.5,89.2,64.3,39.4,22.8,105.6,70.3,93.4,30.7,25.2,27.2,18.4,25.4,68.4,33.6,50.7,24.1,10.1,35.7,29.5,47.3,58.7,36.5,72.6,28.2,31.9,22.5,21.8,23.8,20.5,24.0,22.8,21.0,22.3,28.2,23.2,23.1,23.9,23.1,23.0,22.5,24.3,21.1,22.2,23.6,20.6,26.0,24.0,23.6,18.9,22.0,17.5,17.0,11.8,18.7,23.9,11.9,16.8,18.0,9.4,17.7,23.9,21.8,21.2,21.1,18.4,24.0,22.3,22.6,23.6,20.1,23.2,21.2,19.8,20.9,22.0,24.6,21.7,25.5,20.3,21.6,21.2,22.9,23.2,24.1,23.5,22.2,21.9,23.1,23.3,20.0,22.0,23.6,23.9,18.4,22.9,23.6,23.6,27.0,27.8,25.2
glucose,4785.4,5195.0,5144.5,3608.0,7882.8,4853.2,6580.7,4255.2,4854.7,3503.7,2002.0,5983.9,4196.1,5059.9,3537.9,4694.9,3879.4,5847.2,5499.9,4263.8,4721.4,6146.6,8030.4,4751.7,7089.4,3614.3,3535.0,4353.1,4868.4,3438.0,3799.3,5741.7,5702.9,6297.0,5554.0,5468.1,4290.1,5254.4,4246.0,5315.8,4875.1,7131.4,5385.0,7009.5,7537.6,5294.2,4673.4,5629.2,6066.2,5640.4,4108.1,3587.0,3324.1,5755.0,4360.8,4384.3,7173.3,4925.4,4538.0,6177.9,4403.5,2970.9,2.7,2.2,6164.1,1696.3,12.3,1.1,4.2,8.2,16.2,7.0,6065.5,7975.8,7026.8,3926.2,4376.2,6471.2,5379.9,6162.0,4454.4,3957.0,5722.3,5428.9,9476.0,7315.7,5666.4,5623.5,4763.5,6988.6,6038.4,8790.4,5257.8,13846.0,6675.6,6698.5,3702.5,6798.6,4562.7,2920.9,5630.1,3967.8,4319.9,3980.9,7273.7,5083.0,3874.7,0.7,0.7,0.6,0.8,1.1,44.1,5413.9,7157.7,5587.9,6178.4,3416.9,5810.8,5634.0,5254.2,4753.1,7495.8,3992.3,5471.9,5790.8,7017.6,11842.7,8095.9,6592.2,6855.9,7938.6,4690.7,6113.3,7688.4,6920.6,4615.4,3295.4,5849.3,4589.1,4164.9,3361.8,559.0,5709.4,2868.1,4919.3,3226.9,3750.9,7422.8,39.2,0.5,2.8,1.2,1.9,22.6,8688.9,11301.3,4775.4,5576.3,5689.2,4093.3,6432.5,7810.6,5852.2,4562.2,8726.7,6891.6,976.1,1016.6,402.2,995.4,1138.8,977.0,431.7,549.6,594.8,420.3,649.8,883.3,482.4,296.4,635.8,1123.7,436.1,525.9,273.3,201.2,184.0,220.0,151.7,6.6,12.0,15.3,4.5,9.8,8.5,2514.8,2986.5,2966.9,2507.1,3183.2,2585.6,1691.7,1355.4,2605.8,2317.3,2650.9,978.2,62.7,22.6,0.4,32.2,41.9,0.7,0.9,38.0,0.2,0.5,0.4,0.3,36.2,0.4,0.4,0.2,0.3,24.4,0.7,0.5,31.3,28.4,47.8,33.1,58.1,0.5,53.3,28.4,11.7,1647.1,950.7,1813.6,1661.6,1652.1,2670.3,291.2,209.6,169.5,90.4,141.2,78.0,5220.3,5083.2,5017.3,3098.8,4804.7,5310.2,2634.8,3221.0,4985.4,3523.1,4019.0,3318.0,2663.0,3166.9,3166.2,2864.5,2328.7,1734.2,781.5,3144.2,2613.8,871.6,1657.7,1981.5,14.2,40.5,28.1,40.6,38.5,35.1,3661.7,3210.8,7699.4,4148.7,4702.1,3930.0,4394.7,3743.7,4471.5,3088.8,3789.5,5053.1,15870.4,7849.9,7224.8,11025.6,4494.0,2611.2,8266.2,11605.6,4981.9,8424.1,7437.2,7860.8,2968.8,3116.9,8169.0,4427.1,4939.3,0.9,7952.7,5876.1,1.0,2211.2,2243.7,0.6,0.5,766.6,7943.8,7110.4,6542.6,9726.8,6987.6,8183.9,8377.8,7492.9,6704.1,14499.3,13215.9,11537.9,5072.7,3752.1,7489.5,5165.4,4511.3,4388.5,4837.8,4676.1,9044.0,3242.5,3784.2,3508.3,8249.8,4289.0,3667.5,3844.4,4098.6,9095.9,4541.2,5035.1,7350.4,5006.5,4318.9,9911.3,4621.4,3971.0,5610.3,7177.1,6957.5,6834.8,4120.4,4683.6,2619.0,6514.5,3836.4,5042.6,7515.1,4499.4,3496.0,4360.2,3511.1,7507.3,11708.8,5044.1,6722.2,4030.1,9272.0,5373.1,5556.9,5600.0,5629.9,5424.2,5892.3,5488.1,5622.6,5963.8,5435.1,5482.8,5343.0,5228.0,5014.9,5020.4,5707.2,5771.0,5099.1,5205.6,5214.6,5026.1,4961.9,5580.3,4789.1,5199.3,5332.2,5484.5,5958.4,5424.9,5216.5,5652.8,5303.9,6635.2,5755.9,5846.8,5957.3,5956.5,5253.3,5553.8,5605.4,4957.3,5530.6,4556.8,5370.6,5429.0,5191.8,5304.1,5389.2,5708.7,5062.7,5138.8,5424.2,5425.7,5144.4,5613.2,5428.2,5412.7,5513.6,5283.7,5348.0,5266.8,5172.3,5494.9,5499.4,5407.4,5466.1,5739.9,5335.5,4791.2,4179.8,5001.9,5893.1,5546.3,5585.2,5588.3
cysteine,40.3,40.4,40.2,40.2,41.1,42.1,40.2,42.6,40.5,40.2,39.9,40.0,40.3,40.3,40.3,41.5,42.3,40.1,42.2,40.8,40.3,41.3,40.4,40.4,41.3,40.2,39.9,40.1,40.8,40.0,40.1,41.2,41.1,42.4,40.0,40.7,41.9,40.0,40.1,40.3,41.5,39.9,40.4,41.0,42.4,40.4,41.8,42.5,40.3,40.1,40.0,40.3,39.9,41.3,40.1,40.0,42.5,40.0,40.1,40.4,42.2,40.5,40.0,39.9,40.1,40.1,40.0,39.9,40.0,39.9,39.9,40.1,40.4,40.9,40.5,40.1,40.0,40.7,41.7,40.2,40.3,40.2,40.5,40.7,40.7,40.1,40.7,40.2,40.0,40.6,40.9,40.3,40.1,41.0,40.1,40.5,44.4,50.0,40.1,40.1,40.7,40.2,40.9,41.8,40.3,40.0,41.1,40.0,40.0,39.9,40.0,40.0,41.7,40.2,40.6,40.8,40.1,40.1,42.0,40.0,41.5,40.3,41.5,40.2,40.8,40.3,40.6,40.1,40.4,40.1,40.7,39.9,40.9,40.6,41.3,40.3,40.1,41.2,40.3,40.2,41.0,40.1,39.9,42.7,40.2,40.8,41.2,40.3,40.5,39.9,39.9,40.7,39.9,40.0,41.5,40.2,40.5,40.1,40.3,40.0,39.9,40.0,40.7,40.0,40.4,40.1,40.6,41.0,40.6,40.0,40.1,40.0,40.0,40.1,40.3,40.1,40.1,40.0,40.1,40.0,40.0,40.0,40.2,40.8,40.1,41.1,44.3,40.1,40.0,40.3,40.0,40.5,40.0,39.9,40.0,39.9,40.6,40.2,43.8,42.0,44.4,48.3,40.2,39.9,44.8,42.0,46.0,40.0,40.0,40.1,40.0,40.7,40.0,40.0,40.0,40.0,40.2,40.2,40.0,40.0,40.1,40.3,40.1,40.0,40.0,43.3,40.7,40.0,41.5,39.9,40.0,40.0,41.4,40.0,40.2,39.9,39.9,40.4,40.1,41.2,44.6,41.6,46.2,40.0,40.0,39.9,39.9,39.9,39.9,40.3,40.0,40.1,40.2,40.2,40.7,40.0,40.1,40.3,40.7,40.0,40.0,40.5,40.0,40.3,40.1,40.0,40.1,40.0,40.2,40.1,39.9,42.4,40.2,40.0,39.9,40.0,39.9,39.9,39.9,39.9,40.1,40.8,40.0,40.2,40.1,41.5,40.1,40.3,40.2,40.3,40.3,40.1,40.9,40.3,40.8,40.4,41.2,40.7,41.6,40.9,40.5,44.7,40.4,40.1,41.2,40.9,40.4,40.9,40.0,40.5,40.5,41.2,40.1,40.0,40.1,40.0,40.2,41.0,42.0,42.9,40.6,40.3,40.8,40.8,42.2,41.9,40.7,41.2,42.4,41.4,40.0,40.4,40.2,40.2,40.1,40.0,40.5,40.9,40.1,41.9,40.1,40.8,43.3,40.0,40.1,40.0,41.1,41.4,41.0,41.2,42.5,41.0,41.1,41.6,40.4,40.9,41.6,40.7,40.5,42.2,40.1,40.0,40.3,40.4,41.5,40.7,40.2,40.0,40.1,40.2,40.5,40.9,41.8,40.4,40.1,40.2,40.4,40.4,40.3,40.3,40.4,40.3,40.4,40.4,40.4,40.4,40.4,40.2,40.4,40.4,40.4,40.4,40.3,40.5,40.4,40.3,40.4,40.4,40.3,40.4,40.4,40.4,40.3,40.3,40.3,40.4,40.4,40.4,40.5,40.4,40.4,40.5,40.3,40.4,40.3,40.3,40.3,40.3,40.3,40.4,40.2,40.4,40.4,40.4,40.2,40.2,40.4,40.4,40.4,40.5,40.3,40.4,40.4,40.4,40.4,40.5,40.3,40.3,40.4,40.4,40.3,40.3,40.3,40.4,40.2,40.4,40.4,40.4,40.3,40.5,40.4
aspartic acid,64.5,63.2,41.4,44.0,76.8,74.2,48.3,119.3,65.6,44.4,18.2,43.8,30.2,13.9,8.9,84.3,72.5,13.9,4.5,30.5,17.5,11.8,42.3,61.3,89.5,38.4,23.8,39.7,98.6,26.1,45.5,83.3,14.5,133.3,4.5,66.8,93.3,68.8,48.9,61.0,90.8,36.1,53.0,63.0,94.7,38.5,84.1,103.1,4.5,10.2,20.5,19.1,4.7,44.6,10.8,8.0,16.8,4.8,4.6,10.0,4.5,4.6,4.5,4.4,4.4,4.5,4.6,4.4,4.4,4.5,4.7,4.4,71.3,99.5,76.5,39.0,40.1,71.9,100.1,66.5,49.8,42.7,71.8,77.2,77.3,45.7,63.6,41.2,32.2,68.6,70.3,51.6,51.3,97.6,51.7,86.0,25.6,72.3,27.9,12.0,40.0,21.3,10.7,45.1,16.7,14.2,27.3,4.5,4.5,4.4,4.5,4.5,4.9,54.3,75.2,96.8,43.6,38.4,104.8,42.0,109.4,56.5,80.4,65.9,80.6,52.3,74.1,57.1,63.0,43.4,84.1,36.6,59.1,71.1,72.8,53.4,37.9,18.1,14.8,19.7,24.7,14.7,4.5,14.7,5.6,30.0,5.0,9.9,24.7,4.5,4.4,4.6,4.4,5.8,4.8,56.0,83.7,41.7,54.3,37.6,27.2,38.3,84.1,36.8,64.7,80.2,73.9,5.2,4.6,4.6,4.7,4.8,4.7,4.7,5.0,4.9,4.8,4.9,4.9,4.6,4.6,4.7,4.9,5.0,4.8,4.5,5.1,4.7,4.7,4.9,4.6,4.6,4.5,4.5,4.5,4.5,25.1,22.3,30.3,30.1,50.9,48.6,6.4,4.7,10.9,9.2,6.5,4.8,4.8,4.7,4.6,5.1,4.6,4.6,4.5,4.5,4.6,4.6,4.5,4.5,4.5,4.6,4.6,4.5,4.5,4.8,4.6,4.5,4.6,4.6,4.5,4.6,4.8,4.7,4.7,4.6,4.5,8.9,8.0,15.8,24.4,19.5,22.3,4.7,4.7,4.5,4.6,4.6,4.4,69.2,30.1,38.7,39.1,46.2,75.1,22.9,34.1,46.1,65.2,48.3,30.4,5.2,25.2,19.6,22.9,9.0,4.5,4.5,5.6,7.6,4.4,4.6,4.5,4.4,4.4,4.4,4.4,4.4,4.4,34.2,36.4,67.7,28.6,51.7,49.2,93.4,36.1,57.8,36.6,57.7,65.1,91.7,82.9,77.9,80.9,55.0,5.0,88.2,133.6,71.4,74.8,51.4,64.5,8.9,9.3,87.0,43.4,51.8,4.5,78.9,73.0,4.8,9.9,6.0,4.6,4.5,4.6,85.9,135.7,150.0,101.1,48.2,71.9,72.6,135.0,128.0,81.8,96.7,134.9,83.5,32.1,63.9,57.6,50.3,51.0,34.8,60.8,70.7,46.3,87.7,46.0,78.4,99.3,36.5,38.3,32.7,73.6,82.1,65.6,69.7,93.3,61.8,101.4,95.0,52.9,90.6,99.8,81.9,56.4,94.8,53.8,31.1,54.7,48.2,73.4,66.3,49.9,27.8,54.5,38.7,59.8,82.3,103.2,62.3,55.7,56.6,35.1,36.4,32.9,33.9,34.1,30.9,33.5,33.6,34.5,32.8,35.3,32.7,35.0,34.6,34.9,34.5,36.9,35.0,34.1,34.9,33.9,33.7,30.2,33.0,33.7,32.4,32.3,33.5,35.7,34.2,34.3,33.6,37.8,34.5,34.1,37.3,29.5,32.8,34.3,34.3,34.1,32.7,31.7,35.3,32.8,35.5,33.6,35.1,31.7,34.0,32.0,33.6,34.3,35.3,33.7,33.6,35.2,34.3,34.3,34.5,33.8,34.3,35.4,35.0,32.1,34.6,33.8,34.3,29.4,29.1,33.7,32.3,35.4,32.2,35.2
alanine,182.0,160.1,81.8,97.3,132.4,164.5,120.5,253.7,142.4,108.7,95.0,99.8,142.3,129.6,139.1,190.6,207.7,137.8,125.7,166.7,157.6,152.5,154.3,150.4,176.3,100.9,108.0,109.5,211.0,99.1,108.5,173.7,257.2,224.4,112.8,149.8,200.7,181.2,134.1,116.5,179.6,108.1,165.0,153.0,191.2,135.1,212.3,214.7,163.5,130.6,100.4,129.8,83.5,169.6,115.6,127.1,167.1,106.3,107.3,130.5,162.6,33.8,0.6,0.4,21.0,38.6,1.1,0.3,0.3,0.6,2.0,0.5,146.4,222.5,144.4,106.3,103.8,109.7,226.3,103.4,65.2,101.1,143.9,184.4,126.2,97.1,149.3,118.1,90.9,145.4,163.5,120.1,136.3,177.5,108.1,244.8,152.5,87.5,82.5,36.4,105.2,82.5,5.4,81.0,73.6,43.6,86.1,0.3,0.2,0.3,0.3,0.3,0.7,132.1,132.5,197.3,101.9,108.4,195.8,83.8,205.8,128.4,143.8,127.6,196.4,102.6,140.8,114.1,148.1,31.4,195.4,128.8,151.0,202.7,168.6,146.1,152.9,96.4,52.4,118.9,110.3,104.1,93.9,145.0,54.7,103.5,75.4,81.1,77.4,0.5,0.3,1.1,0.3,2.2,1.0,99.0,144.4,110.4,147.0,117.1,105.3,119.5,134.4,104.6,124.5,158.8,152.9,52.8,45.7,30.0,24.6,63.2,44.5,27.0,41.6,50.3,44.2,44.8,44.9,35.4,32.3,47.8,39.0,48.6,26.5,45.4,53.8,43.7,22.4,47.3,0.8,1.4,0.7,0.8,0.5,0.6,52.5,136.2,137.7,138.0,223.0,171.6,94.0,54.7,109.6,114.2,110.4,58.1,24.8,13.9,17.8,41.2,27.5,13.1,2.4,2.9,9.2,6.4,3.1,4.4,0.6,0.1,6.4,3.4,1.5,14.3,1.6,1.4,1.9,1.9,31.1,0.4,0.6,0.4,0.4,0.5,0.4,104.4,76.7,66.8,159.4,164.8,111.7,69.5,51.2,42.6,9.1,0.8,16.9,133.0,100.9,105.0,110.3,111.2,172.9,100.0,137.5,131.8,177.5,137.4,107.8,132.2,106.9,128.4,134.6,131.9,94.9,28.6,91.5,87.5,37.2,99.5,74.7,0.2,0.2,0.5,0.3,0.2,0.2,111.7,101.7,122.5,102.5,137.0,128.0,203.0,102.9,83.9,100.9,146.3,129.0,190.3,169.8,171.6,156.3,116.3,97.4,174.8,220.2,151.9,149.8,156.4,157.4,84.2,119.8,176.4,116.1,188.9,6.4,177.1,146.7,17.9,104.0,76.8,3.8,0.2,6.2,167.0,262.5,281.0,181.3,128.0,188.6,135.7,260.7,244.1,176.9,155.0,297.5,177.3,104.8,123.8,131.1,151.6,138.4,97.3,132.8,133.0,135.8,167.4,108.9,163.8,185.3,106.1,105.5,98.6,152.0,191.4,136.9,116.1,196.4,150.1,202.8,195.4,115.4,164.2,165.0,141.1,145.5,208.0,136.2,100.4,138.6,114.7,116.4,121.8,134.9,119.5,127.1,106.2,133.5,153.8,211.7,140.7,143.1,154.4,99.0,111.2,102.2,105.9,104.4,106.6,101.5,98.8,95.6,104.0,103.6,101.7,99.9,105.1,99.9,99.5,97.5,104.9,107.2,108.3,104.5,103.4,98.0,107.1,110.8,97.2,98.7,79.4,82.7,104.5,110.8,102.5,98.9,94.6,98.7,103.5,99.1,85.8,108.1,99.8,108.6,106.4,104.2,104.7,111.6,99.5,91.7,106.0,89.3,103.2,106.4,94.2,100.9,96.3,93.4,76.5,104.3,110.3,111.9,106.4,107.8,108.2,85.7,105.4,103.1,103.4,107.6,103.1,98.3,87.2,95.7,93.8,82.4,102.0,101.8